model,prediction_length,dataset,mse,mae
transformer,96,h1,0.4289794750559964,0.6186151093315152
transformer,192,h1,0.5259907945339793,0.712006431183977
transformer,96,h2,4.89058489235456,2.1722675673163967
